가게명,동네,카테고리,대표사진,전화번호,네이버지도,주문경로
1980밀면회관&냉면 문수점,문수동,면요리,,,,가게바로주문 | 먹깨비 | CHAK 지역상품권 | 전화주문 | 쿠팡이츠 | 배달의민족
1988응답하라추억의옛날도시락 고소동점,고소동,한식,,,,가게바로주문 | 먹깨비 | 땡겨요 | CHAK 지역상품권 | 전화주문 | 쿠팡이츠 | 배달의민족
1989마라탕 봉강점,봉강동,마라탕/양꼬치,,,Y,가게바로주문 | 먹깨비 | 땡겨요 | CHAK 지역상품권 | 전화주문 | 요기요 | 쿠팡이츠 | 배달의민족
1키로 오리스타 여서점,여서동,고기/구이,,,,가게바로주문 | 먹깨비 | CHAK 지역상품권 | 전화주문 | 요기요 | 쿠팡이츠 | 배달의민족
30년전통 할매손곰탕 문수점,문수동,한식,,,Y,가게바로주문 | 먹깨비 | 땡겨요 | CHAK 지역상품권 | 전화주문 | 배달의민족
60계치킨 돌산점,돌산,치킨,,,Y,가게바로주문 | 먹깨비 | 땡겨요 | CHAK 지역상품권 | 전화주문 | 요기요 | 쿠팡이츠 | 배달의민족
60계치킨 웅천점,웅천동,치킨,,,Y,가게바로주문 | 먹깨비 | 땡겨요 | CHAK 지역상품권 | 전화주문 | 요기요 | 쿠팡이츠 | 배달의민족
60계치킨 죽림점,죽림,치킨,,,Y,가게바로주문 | 먹깨비 | 땡겨요 | CHAK 지역상품권 | 전화주문 | 요기요 | 쿠팡이츠 | 배달의민족
60계치킨 충무점,충무동,치킨,,,Y,가게바로주문 | 먹깨비 | 땡겨요 | CHAK 지역상품권 | 전화주문 | 요기요 | 쿠팡이츠 | 배달의민족
60일숙성 명품김치찜&김치찌개&쌈밥 교동점,교동,한식,,08527407973,,가게바로주문 | 먹깨비 | 땡겨요 | CHAK 지역상품권 | 전화주문 | 쿠팡이츠 | 배달의민족
79대포 여서점,여서동,한식,,,Y,가게바로주문 | 먹깨비 | 땡겨요 | CHAK 지역상품권 | 전화주문 | 배달의민족
BHC 돌산점,돌산,치킨,,,Y,가게바로주문 | 먹깨비 | CHAK 지역상품권 | 전화주문 | 요기요 | 쿠팡이츠 | 배달의민족
BHC 여수국동점,국동,치킨,,,Y,가게바로주문 | 먹깨비 | 땡겨요 | CHAK 지역상품권 | 전화주문 | 요기요 | 쿠팡이츠 | 배달의민족
BHC 여수문수점,문수동,치킨,,,Y,가게바로주문 | 먹깨비 | 땡겨요 | CHAK 지역상품권 | 전화주문 | 요기요 | 쿠팡이츠 | 배달의민족
BHC 여수미평점,미평동,치킨,,,Y,가게바로주문 | 먹깨비 | 땡겨요 | CHAK 지역상품권 | 전화주문 | 요기요 | 쿠팡이츠 | 배달의민족
BHC 여수봉계둔덕점,봉계동,치킨,,,Y,가게바로주문 | 먹깨비 | 땡겨요 | CHAK 지역상품권 | 전화주문 | 요기요 | 쿠팡이츠 | 배달의민족
BHC 여수소호점,소호동,치킨,,,Y,가게바로주문 | 먹깨비 | 땡겨요 | CHAK 지역상품권 | 전화주문 | 요기요 | 쿠팡이츠 | 배달의민족
BHC 여수엑스포광장점,덕충동,치킨,,,Y,가게바로주문 | 먹깨비 | 땡겨요 | CHAK 지역상품권 | 전화주문 | 요기요 | 쿠팡이츠 | 배달의민족
BHC 여수여서점,여서동,치킨,,,Y,가게바로주문 | 먹깨비 | 땡겨요 | CHAK 지역상품권 | 전화주문 | 요기요 | 쿠팡이츠 | 배달의민족
BHC 여수웅천점,웅천동,치킨,,,Y,가게바로주문 | 먹깨비 | 땡겨요 | CHAK 지역상품권 | 전화주문 | 요기요 | 쿠팡이츠 | 배달의민족
BHC 여수죽림무선점,죽림,치킨,,,Y,가게바로주문 | 먹깨비 | 땡겨요 | CHAK 지역상품권 | 전화주문 | 요기요 | 쿠팡이츠 | 배달의민족
BHC 여수학동점,학동,치킨,,,Y,가게바로주문 | 먹깨비 | 땡겨요 | CHAK 지역상품권 | 전화주문 | 요기요 | 쿠팡이츠 | 배달의민족
Boss짬뽕 직화제육 미평점,미평동,중식,,,,가게바로주문 | 먹깨비 | CHAK 지역상품권 | 전화주문 | 요기요 | 쿠팡이츠 | 배달의민족
LA통닭&포차 여서본점,여서동,치킨,,,Y,가게바로주문 | 먹깨비 | 땡겨요 | CHAK 지역상품권 | 전화주문 | 요기요 | 쿠팡이츠 | 배달의민족
RIB&TABLE 바베큐립 전문점(미평동),미평동,치킨,,,Y,가게바로주문 | 먹깨비 | CHAK 지역상품권 | 전화주문 | 요기요 | 쿠팡이츠 | 배달의민족
가마솥 볶음밥 여서점,여서동,한식,,,,가게바로주문 | 먹깨비 | 땡겨요 | CHAK 지역상품권 | 전화주문 | 요기요 | 쿠팡이츠 | 배달의민족
가마치통닭 무선점,선원동,치킨,,,Y,가게바로주문 | 먹깨비 | 땡겨요 | CHAK 지역상품권 | 전화주문 | 요기요 | 쿠팡이츠 | 배달의민족
가마치통닭 문수점,문수동,치킨,,,Y,가게바로주문 | 요기요 | 쿠팡이츠 | 배달의민족 | CHAK 지역상품권 | 전화주문
가마치통닭 소호점,소호동,치킨,,,Y,가게바로주문 | 먹깨비 | 땡겨요 | CHAK 지역상품권 | 전화주문 | 요기요 | 쿠팡이츠 | 배달의민족
가마치통닭 신기점,신기동,치킨,,,Y,가게바로주문 | 먹깨비 | 땡겨요 | CHAK 지역상품권 | 전화주문 | 요기요 | 쿠팡이츠 | 배달의민족
가마치통닭 죽림점,죽림,치킨,,0257660860,Y,가게바로주문 | 먹깨비 | 땡겨요 | CHAK 지역상품권 | 전화주문 | 요기요 | 쿠팡이츠 | 배달의민족
가마치통닭 학동점,학동,치킨,,,Y,가게바로주문 | 먹깨비 | CHAK 지역상품권 | 전화주문 | 요기요 | 쿠팡이츠 | 배달의민족
가장맛있는족발 여수돌산점,돌산,족발/보쌈,,,Y,가게바로주문 | CHAK 지역상품권 | 전화주문 | 요기요 | 쿠팡이츠 | 배달의민족
가장맛있는족발 여수신월점,신월동,족발/보쌈,,,Y,가게바로주문 | 먹깨비 | 땡겨요 | CHAK 지역상품권 | 전화주문 | 쿠팡이츠 | 배달의민족
가장맛있는족발 여수여서점,여서동,족발/보쌈,,,Y,가게바로주문 | CHAK 지역상품권 | 전화주문
가장맛있는족발 여수웅천점,웅천동,족발/보쌈,,,Y,가게바로주문 | 먹깨비 | 땡겨요 | CHAK 지역상품권 | 전화주문 | 요기요 | 쿠팡이츠 | 배달의민족
가장맛있는족발 여수죽림점,죽림,족발/보쌈,,,Y,가게바로주문 | 먹깨비 | 땡겨요 | CHAK 지역상품권 | 전화주문 | 요기요 | 쿠팡이츠 | 배달의민족
갈비냉면 문수점,문수동,면요리,,,,가게바로주문 | 먹깨비 | 땡겨요 | CHAK 지역상품권 | 전화주문 | 쿠팡이츠 | 배달의민족
강남국밥 돌산점,돌산,한식,,,Y,가게바로주문 | 먹깨비 | CHAK 지역상품권 | 전화주문 | 요기요
계동치킨 덕충점,덕충동,치킨,,,Y,가게바로주문 | 먹깨비 | 땡겨요 | CHAK 지역상품권 | 전화주문 | 요기요 | 쿠팡이츠 | 배달의민족
계동치킨 봉산점,봉산동,치킨,,,Y,가게바로주문 | 먹깨비 | 땡겨요 | CHAK 지역상품권 | 전화주문 | 요기요 | 쿠팡이츠 | 배달의민족
고궁 갈비탕&갈비찜&육개장 문수점,문수동,한식,,,,가게바로주문 | 먹깨비 | 땡겨요 | CHAK 지역상품권 | 전화주문 | 쿠팡이츠 | 배달의민족
고기듬뿍 국물두루치기 문수점,문수동,한식,,,,가게바로주문 | 먹깨비 | 땡겨요 | CHAK 지역상품권 | 전화주문 | 요기요 | 쿠팡이츠 | 배달의민족
골목낙곱새 1977 봉강점,봉강동,한식,,,,가게바로주문 | 먹깨비 | 땡겨요 | CHAK 지역상품권 | 전화주문 | 요기요 | 쿠팡이츠 | 배달의민족
골목짬뽕 여서점,여서동,중식,,,,가게바로주문 | 먹깨비 | 땡겨요 | CHAK 지역상품권 | 전화주문 | 요기요 | 쿠팡이츠 | 배달의민족
곱도리辛 낙곱새 봉산점,봉산동,한식,,,,가게바로주문 | 땡겨요 | CHAK 지역상품권 | 전화주문 | 쿠팡이츠 | 배달의민족
공차 여서점,여서동,카페/디저트/베이커리/아이스크림/빙수,,,Y,가게바로주문 | 먹깨비 | 땡겨요 | CHAK 지역상품권 | 전화주문 | 요기요 | 쿠팡이츠 | 배달의민족
공차 여수해양공원점,"교동, 중앙동",카페/디저트/베이커리/아이스크림/빙수,,,Y,가게바로주문 | 땡겨요 | CHAK 지역상품권 | 전화주문 | 요기요 | 쿠팡이츠 | 배달의민족
공차 웅천점,웅천동,카페/디저트/베이커리/아이스크림/빙수,,,Y,가게바로주문 | 먹깨비 | 땡겨요 | CHAK 지역상품권 | 전화주문 | 쿠팡이츠 | 배달의민족
교동야식 교동점,교동,한식,,,Y,가게바로주문 | 먹깨비 | CHAK 지역상품권 | 전화주문 | 요기요 | 배달의민족
교촌치킨 국동점,국동,치킨,,031030926,Y,가게바로주문 | 먹깨비 | 땡겨요 | CHAK 지역상품권 | 전화주문 | 요기요 | 쿠팡이츠 | 배달의민족
교촌치킨 덕충점,덕충동,치킨,,031030926,Y,가게바로주문 | 먹깨비 | 땡겨요 | CHAK 지역상품권 | 전화주문 | 요기요 | 쿠팡이츠 | 배달의민족
교촌치킨 돌산점,돌산,치킨,,031030926,Y,가게바로주문 | 땡겨요 | CHAK 지역상품권 | 전화주문 | 요기요 | 쿠팡이츠 | 배달의민족
교촌치킨 둔덕점,미평/ 둔덕,치킨,,031030926,Y,가게바로주문 | 먹깨비 | 땡겨요 | CHAK 지역상품권 | 전화주문 | 요기요 | 쿠팡이츠 | 배달의민족
교촌치킨 문수점,문수동,치킨,,031030926,Y,가게바로주문 | 먹깨비 | 땡겨요 | CHAK 지역상품권 | 전화주문 | 요기요 | 쿠팡이츠 | 배달의민족
교촌치킨 신기점,신기동,치킨,,031030926,Y,가게바로주문 | 먹깨비 | 땡겨요 | CHAK 지역상품권 | 전화주문 | 요기요 | 쿠팡이츠 | 배달의민족
교촌치킨 안산점,안산동,치킨,,031030926,Y,가게바로주문 | 먹깨비 | 땡겨요 | CHAK 지역상품권 | 전화주문 | 요기요 | 쿠팡이츠 | 배달의민족
교촌치킨 여서점,여서동,치킨,,031030926,Y,가게바로주문 | 먹깨비 | 땡겨요 | CHAK 지역상품권 | 전화주문 | 요기요 | 쿠팡이츠 | 배달의민족
교촌치킨 웅천점,웅천동,치킨,,031030926,Y,가게바로주문 | 먹깨비 | 땡겨요 | CHAK 지역상품권 | 전화주문 | 요기요 | 쿠팡이츠 | 배달의민족
교촌치킨 죽림무선점,죽림,치킨,,031030926,Y,가게바로주문 | 땡겨요 | CHAK 지역상품권 | 전화주문 | 요기요 | 쿠팡이츠 | 배달의민족
구운돼지 문수점,문수동,고기/구이,,,,가게바로주문 | 먹깨비 | 땡겨요 | CHAK 지역상품권 | 전화주문 | 요기요 | 쿠팡이츠 | 배달의민족
국빈 중화요리전문점(여서동),여서동,중식,,,Y,가게바로주문 | 요기요 | 쿠팡이츠 | 배달의민족 | 전화주문 | CHAK 지역상품권
국수나무 여수엑스포점,덕충동,면요리,,,Y,가게바로주문 | 먹깨비 | 땡겨요 | CHAK 지역상품권 | 전화주문 | 요기요 | 쿠팡이츠 | 배달의민족
굽네치킨&피자 관문점,관문동,치킨,,,Y,가게바로주문 | 먹깨비 | 땡겨요 | CHAK 지역상품권 | 전화주문 | 요기요 | 쿠팡이츠 | 배달의민족
굽네치킨&피자 돌산점,돌산,치킨,,,Y,가게바로주문 | 먹깨비 | 땡겨요 | CHAK 지역상품권 | 전화주문 | 요기요 | 쿠팡이츠 | 배달의민족
굽네치킨&피자 무선점(화장동),화장동,피자,,,Y,가게바로주문 | 먹깨비 | 땡겨요 | CHAK 지역상품권 | 전화주문 | 요기요 | 쿠팡이츠 | 배달의민족
굽네치킨&피자 봉산국동점,국동,치킨,,,Y,가게바로주문 | 먹깨비 | 땡겨요 | CHAK 지역상품권 | 전화주문 | 요기요 | 쿠팡이츠 | 배달의민족 | 배달의민족
굽네치킨&피자 여서점,여서동,치킨,,,Y,가게바로주문 | 먹깨비 | 땡겨요 | CHAK 지역상품권 | 전화주문 | 요기요 | 쿠팡이츠 | 배달의민족
굽네치킨&피자 여천점(신기동),신기동,피자,,,Y,가게바로주문 | 먹깨비 | 땡겨요 | CHAK 지역상품권 | 전화주문 | 요기요 | 쿠팡이츠 | 배달의민족
굽네치킨&피자 웅천점,웅천동,피자,,,Y,가게바로주문 | 먹깨비 | 땡겨요 | CHAK 지역상품권 | 전화주문 | 요기요 | 쿠팡이츠 | 배달의민족
굽네치킨&피자 죽림점,죽림,피자,,,Y,가게바로주문 | 먹깨비 | 땡겨요 | CHAK 지역상품권 | 전화주문 | 요기요 | 쿠팡이츠 | 배달의민족
귀한김치찜 국동봉산점,국동,한식,,,,가게바로주문 | 배달의민족 | CHAK 지역상품권 | 전화주문
그루브 여서점,여서동,피자,,,Y,가게바로주문 | 먹깨비 | 땡겨요 | CHAK 지역상품권 | 전화주문 | 요기요 | 쿠팡이츠 | 배달의민족
금마차 여서점,여서동,한식,,,Y,가게바로주문 | 먹깨비 | 땡겨요 | CHAK 지역상품권 | 전화주문 | 요기요 | 쿠팡이츠 | 배달의민족
기영이숯불두마리치킨 여천점(안산동),안산동,치킨,,,Y,가게바로주문 | 땡겨요 | CHAK 지역상품권 | 전화주문 | 요기요 | 쿠팡이츠 | 배달의민족
김밥나라 관문점,관문동,한식,,,Y,가게바로주문 | 먹깨비 | CHAK 지역상품권 | 전화주문 | 요기요 | 배달의민족
김밥나라 국동점,국동,한식,,,Y,가게바로주문 | 먹깨비 | CHAK 지역상품권 | 전화주문 | 요기요 | 쿠팡이츠 | 배달의민족
김밥천국 국동점,국동,한식,,,Y,가게바로주문 | 먹깨비 | 땡겨요 | CHAK 지역상품권 | 전화주문 | 요기요 | 쿠팡이츠 | 배달의민족
김사장 국밥 문수점,문수동,한식,,,,가게바로주문 | 먹깨비 | 땡겨요 | CHAK 지역상품권 | 전화주문 | 요기요
김사장 대박난 국수집 문수점,문수동,한식,,,,가게바로주문 | 먹깨비 | CHAK 지역상품권 | 전화주문
김종구식 맛치킨 전기바베큐 옛날통닭 학동점,학동,치킨,,,Y,가게바로주문 | 먹깨비 | 땡겨요 | CHAK 지역상품권 | 전화주문 | 요기요 | 쿠팡이츠 | 배달의민족
김치찌개참잘하는집 여서점,여서동,한식,,,,가게바로주문 | 먹깨비 | 땡겨요 | CHAK 지역상품권 | 전화주문 | 요기요 | 쿠팡이츠 | 배달의민족
김치찜팝니다 서교점,서교동,한식,,06693874227,,가게바로주문 | 먹깨비 | CHAK 지역상품권 | 전화주문 | 요기요 | 쿠팡이츠 | 배달의민족
까페빈 봉산점,봉산동,카페/디저트/베이커리/아이스크림/빙수,,,Y,가게바로주문 | 먹깨비 | 땡겨요 | CHAK 지역상품권 | 전화주문 | 요기요 | 쿠팡이츠 | 배달의민족
깐깐한족발 여수문수점,문수동,족발/보쌈,,,Y,가게바로주문 | 먹깨비 | CHAK 지역상품권 | 전화주문 | 요기요 | 쿠팡이츠 | 배달의민족
깐깐한족발 여수학동점,학동,족발/보쌈,,,Y,가게바로주문 | 먹깨비 | 땡겨요 | CHAK 지역상품권 | 전화주문 | 요기요 | 쿠팡이츠 | 배달의민족
꽃게장&갈치조림 전문점 늘푸른식당 봉산점,봉산동,한식,,,Y,가게바로주문 | 먹깨비 | 땡겨요 | CHAK 지역상품권 | 전화주문 | 쿠팡이츠 | 배달의민족
꾸브라꼬 숯불치킨 여천 신기동점,신기동,치킨,,,Y,가게바로주문 | 먹깨비 | 땡겨요 | CHAK 지역상품권 | 전화주문 | 요기요 | 쿠팡이츠 | 배달의민족
나능이 능이버섯백숙 봉산점,봉산동,한식,,,Y,가게바로주문 | 먹깨비 | CHAK 지역상품권 | 전화주문 | 요기요 | 쿠팡이츠 | 배달의민족
낙지천국 문수점,문수동,한식,,,Y,가게바로주문 | 먹깨비 | 땡겨요 | CHAK 지역상품권 | 전화주문 | 쿠팡이츠 | 배달의민족
내가 끓였찌 여서점,여서동,국밥/찜/탕/찌개/조림,,,Y,가게바로주문 | 먹깨비 | CHAK 지역상품권 | 전화주문 | 요기요 | 쿠팡이츠 | 배달의민족
내조국 국밥 봉산점,봉산동,한식,,,Y,가게바로주문 | 먹깨비 | 땡겨요 | CHAK 지역상품권 | 전화주문 | 요기요 | 쿠팡이츠 | 배달의민족
냠냠치킨 국동점,국동,치킨,,,Y,가게바로주문 | 먹깨비 | 땡겨요 | CHAK 지역상품권 | 전화주문 | 요기요 | 쿠팡이츠 | 배달의민족
네네치킨 국동점,국동,치킨,,,Y,가게바로주문 | 먹깨비 | 땡겨요 | CHAK 지역상품권 | 전화주문 | 요기요 | 쿠팡이츠 | 배달의민족
네네치킨 무선지구점(선원동),선원동,치킨,,,Y,가게바로주문 | 먹깨비 | 땡겨요 | CHAK 지역상품권 | 전화주문 | 요기요 | 쿠팡이츠 | 배달의민족
네네치킨 신기점,신기동,치킨,,,Y,가게바로주문 | 먹깨비 | 땡겨요 | CHAK 지역상품권 | 전화주문 | 요기요 | 쿠팡이츠 | 배달의민족
"네네치킨 안산,소호점",안산동,치킨,,,Y,가게바로주문 | 먹깨비 | 땡겨요 | CHAK 지역상품권 | 전화주문 | 요기요 | 배달의민족
네네치킨 엑스포점,공화동,치킨,,,Y,가게바로주문 | 먹깨비 | 땡겨요 | CHAK 지역상품권 | 전화주문 | 요기요 | 쿠팡이츠 | 배달의민족
네네치킨 여서문수점,여서동,치킨,,,Y,가게바로주문 | 먹깨비 | 땡겨요 | CHAK 지역상품권 | 전화주문 | 요기요 | 쿠팡이츠 | 배달의민족
노랑고래 찹쌀꽈배기 여수여서직영점,여서동,카페/디저트/베이커리/아이스크림/빙수,,,Y,가게바로주문 | 먹깨비 | 땡겨요 | CHAK 지역상품권 | 전화주문 | 요기요 | 쿠팡이츠 | 배달의민족
노랑고래 찹쌀꽈배기 중앙점,중앙동,카페/디저트/베이커리/아이스크림/빙수,,,Y,가게바로주문 | 먹깨비 | CHAK 지역상품권 | 전화주문 | 요기요 | 쿠팡이츠 | 배달의민족
노랑통닭 여서문수점,여서동,치킨,,,Y,가게바로주문 | 먹깨비 | 땡겨요 | CHAK 지역상품권 | 전화주문 | 요기요 | 쿠팡이츠 | 배달의민족
노랑통닭 여수밤바다점(중앙동),중앙동,치킨,,,Y,가게바로주문 | 요기요 | 쿠팡이츠 | 배달의민족 | CHAK 지역상품권 | 전화주문
노랑통닭 웅천점,웅천동,치킨,,,Y,가게바로주문 | 먹깨비 | 땡겨요 | CHAK 지역상품권 | 전화주문 | 요기요 | 쿠팡이츠 | 배달의민족
노랑통닭 죽림점,죽림,치킨,,,Y,가게바로주문 | 먹깨비 | 땡겨요 | CHAK 지역상품권 | 전화주문 | 요기요 | 쿠팡이츠 | 배달의민족
노브랜드버거 여수여서점,여서동,햄버거/샌드위치/토스트/핫도그,,,Y,브랜드앱 | 가게바로주문 | 먹깨비 | 땡겨요 | CHAK 지역상품권 | 전화주문 | 요기요 | 쿠팡이츠 | 배달의민족
다기야 엑스포점,덕충동,치킨,,,Y,가게바로주문 | 먹깨비 | CHAK 지역상품권 | 전화주문 | 쿠팡이츠 | 배달의민족
닥엔돈스 쪽갈비 봉강점,봉강동,치킨,,,Y,가게바로주문 | 먹깨비 | 땡겨요 | CHAK 지역상품권 | 전화주문 | 요기요 | 쿠팡이츠 | 배달의민족
닥엔돈스 쪽갈비 여천점(신기동),신기동,치킨,,,Y,가게바로주문 | 먹깨비 | 땡겨요 | CHAK 지역상품권 | 전화주문 | 요기요 | 쿠팡이츠 | 배달의민족
닭곰탕 백숙 보약한첩 문수점,문수동,한식,,,,가게바로주문 | 먹깨비 | CHAK 지역상품권 | 전화주문 | 쿠팡이츠 | 배달의민족
닭씨네 닭강정 여수점(문수동),문수동,치킨,,,Y,가게바로주문 | 먹깨비 | 땡겨요 | CHAK 지역상품권 | 전화주문 | 요기요 | 쿠팡이츠 | 배달의민족
담분식 서교점,서교동,분식/도시락,,,Y,가게바로주문 | 먹깨비 | 땡겨요 | CHAK 지역상품권 | 전화주문 | 요기요 | 쿠팡이츠 | 배달의민족
더 진한 소한마리탕&국밥 엑스포점,덕충동,한식,,,,가게바로주문 | 먹깨비 | CHAK 지역상품권 | 전화주문 | 쿠팡이츠 | 배달의민족
더리터 문수점,문수동,카페/디저트/베이커리/아이스크림/빙수,,,Y,가게바로주문 | 먹깨비 | 땡겨요 | CHAK 지역상품권 | 전화주문 | 요기요 | 쿠팡이츠
더바른 정국밥 미평점,미평동,한식,,,,가게바로주문 | 먹깨비 | 땡겨요 | CHAK 지역상품권 | 전화주문 | 요기요 | 쿠팡이츠 | 배달의민족
더벤티 여수국동서희스타힐스점,국동,카페/디저트/베이커리/아이스크림/빙수,,,Y,가게바로주문 | 땡겨요 | CHAK 지역상품권 | 전화주문 | 배달의민족
더벤티 여수돌산점,돌산,카페/디저트/베이커리/아이스크림/빙수,,,Y,가게바로주문 | 먹깨비 | 땡겨요 | CHAK 지역상품권 | 전화주문 | 배달의민족
더벤티 여수수산시장점(교동),교동,카페/디저트/베이커리/아이스크림/빙수,,,Y,가게바로주문 | 먹깨비 | 땡겨요 | CHAK 지역상품권 | 전화주문 | 요기요 | 쿠팡이츠 | 배달의민족
더벤티 여수이순신광장점(중앙동),중앙동,카페/디저트/베이커리/아이스크림/빙수,,,Y,가게바로주문 | 땡겨요 | CHAK 지역상품권 | 전화주문 | 쿠팡이츠 | 배달의민족
더벤티 여수해양공원점(중앙동),중앙동,카페/디저트/베이커리/아이스크림/빙수,,,Y,가게바로주문 | 먹깨비 | 땡겨요 | CHAK 지역상품권 | 전화주문 | 쿠팡이츠 | 배달의민족
던킨 여수롯데마트점,국동,카페/디저트/베이커리/아이스크림/빙수,,,Y,가게바로주문 | 땡겨요 | CHAK 지역상품권 | 전화주문 | 요기요 | 쿠팡이츠 | 배달의민족
덮밥전문점 고기그릇 공화동점,공화동,한식,,,,가게바로주문 | 먹깨비 | 땡겨요 | CHAK 지역상품권 | 전화주문 | 요기요 | 쿠팡이츠 | 배달의민족
도담식당 충무동점,충무동,한식,,,Y,가게바로주문 | 먹깨비 | 땡겨요 | CHAK 지역상품권 | 전화주문 | 요기요 | 쿠팡이츠 | 배달의민족
도도닭발&오돌뼈 봉산점,봉산동,야식/주점,,,,가게바로주문 | 먹깨비 | 땡겨요 | CHAK 지역상품권 | 전화주문 | 요기요 | 쿠팡이츠 | 배달의민족
도미노피자 여천점(학동),학동,피자,,,Y,가게바로주문 | 먹깨비 | 땡겨요 | CHAK 지역상품권 | 전화주문 | 요기요 | 쿠팡이츠 | 배달의민족
도야족발 여수여천점(죽림),죽림,족발/보쌈,,,Y,가게바로주문 | 먹깨비 | 땡겨요 | CHAK 지역상품권 | 전화주문 | 요기요 | 쿠팡이츠 | 배달의민족
돈도니밥도둑짜글이 국동점,국동,한식,,,,가게바로주문 | 먹깨비 | CHAK 지역상품권 | 전화주문 | 쿠팡이츠
돈쌈대패 문수점,문수동,족발/보쌈,,,Y,가게바로주문 | 먹깨비 | 땡겨요 | CHAK 지역상품권 | 전화주문 | 요기요 | 쿠팡이츠 | 배달의민족
돌산텃밭김치·반찬 교동점,교동,반찬,,,Y,가게바로주문 | 먹깨비 | CHAK 지역상품권 | 전화주문
동대문엽기떡볶이 문수점,문수동,분식/도시락,,,Y,가게바로주문 | 먹깨비 | 땡겨요 | CHAK 지역상품권 | 전화주문 | 요기요 | 쿠팡이츠 | 배달의민족
동서울왕족발(신기동),신기동,족발/보쌈,,,Y,가게바로주문 | 먹깨비 | 땡겨요 | CHAK 지역상품권 | 전화주문 | 요기요 | 쿠팡이츠 | 배달의민족
두마리찜닭 두찜 여수문수점,문수동,국밥/찜/탕/찌개/조림,,044250084,Y,가게바로주문 | 먹깨비 | 땡겨요 | CHAK 지역상품권 | 전화주문 | 요기요 | 쿠팡이츠 | 배달의민족
두마리찜닭 두찜 여수엑스포점,덕충동,국밥/찜/탕/찌개/조림,,044250084,Y,가게바로주문 | 먹깨비 | 땡겨요 | CHAK 지역상품권 | 전화주문 | 요기요 | 쿠팡이츠 | 배달의민족
두마리찜닭 두찜 여수웅천점,웅천동,국밥/찜/탕/찌개/조림,,044250084,Y,가게바로주문 | 먹깨비 | 땡겨요 | CHAK 지역상품권 | 전화주문 | 요기요 | 쿠팡이츠 | 배달의민족
둥이식당 봉강점,봉강동,한식,,,,가게바로주문 | 땡겨요 | CHAK 지역상품권 | 전화주문 | 쿠팡이츠
드피치 피자&치킨 선원동점,선원동,치킨,,,Y,가게바로주문 | 먹깨비 | 땡겨요 | CHAK 지역상품권 | 전화주문 | 요기요 | 쿠팡이츠 | 배달의민족
땅스부대찌개 여서점,여서동,한식,,,Y,가게바로주문 | 먹깨비 | 땡겨요 | CHAK 지역상품권 | 전화주문 | 요기요 | 쿠팡이츠 | 배달의민족
땅스즉석떡볶이 여서점,여서동,분식/도시락,,,Y,가게바로주문 | 먹깨비 | 땡겨요 | CHAK 지역상품권 | 전화주문 | 요기요 | 쿠팡이츠 | 배달의민족
떡순이 알찬만두 문수점,문수동,분식/도시락,,,,가게바로주문 | 먹깨비 | 땡겨요 | CHAK 지역상품권 | 전화주문 | 쿠팡이츠 | 배달의민족
또래김밥 문수점,문수동,분식/도시락,,,Y,가게바로주문 | 먹깨비 | CHAK 지역상품권 | 전화주문 | 요기요 | 쿠팡이츠 | 배달의민족
또바기 여서점,여서동,한식,,,Y,가게바로주문 | 먹깨비 | 땡겨요 | CHAK 지역상품권 | 전화주문 | 쿠팡이츠 | 배달의민족
뚜레쥬르 여수돌산점,돌산,카페/디저트/베이커리/아이스크림/빙수,,030527420,Y,가게바로주문 | 땡겨요 | CHAK 지역상품권 | 전화주문 | 요기요 | 쿠팡이츠 | 배달의민족
뚜레쥬르 여수엑스포타운점,덕충동,카페/디저트/베이커리/아이스크림/빙수,,030527420,Y,가게바로주문 | 땡겨요 | CHAK 지역상품권 | 전화주문 | 요기요 | 쿠팡이츠 | 배달의민족
뚱땡이숯불두마리치킨 직영점(학동),학동,치킨,,,,가게바로주문 | 먹깨비 | 땡겨요 | CHAK 지역상품권 | 전화주문 | 요기요 | 쿠팡이츠 | 배달의민족
라인반점 국동점,국동,중식,,,Y,가게바로주문 | 먹깨비 | 땡겨요 | CHAK 지역상품권 | 전화주문 | 요기요 | 쿠팡이츠 | 배달의민족
라홍방마라탕 웅천점,웅천동,마라탕/양꼬치,,,Y,가게바로주문 | 먹깨비 | 땡겨요 | CHAK 지역상품권 | 전화주문 | 요기요 | 쿠팡이츠 | 배달의민족
마라시대 마라탕 봉산점,봉산동,마라탕/양꼬치,,,Y,가게바로주문 | 먹깨비 | 땡겨요 | CHAK 지역상품권 | 전화주문 | 요기요 | 쿠팡이츠 | 배달의민족
마라월드 마라탕&마라상궈 여수문수점,문수동,마라탕/양꼬치,,,,가게바로주문 | 먹깨비 | 땡겨요 | CHAK 지역상품권 | 전화주문 | 요기요 | 쿠팡이츠 | 배달의민족
마포매운쌀떡볶이 문수점,문수동,분식/도시락,,,,가게바로주문 | 먹깨비 | CHAK 지역상품권 | 전화주문 | 요기요 | 쿠팡이츠 | 배달의민족
마형제 족발보쌈 학동점,학동,족발/보쌈,,,,가게바로주문 | 먹깨비 | 땡겨요 | CHAK 지역상품권 | 전화주문 | 요기요 | 쿠팡이츠 | 배달의민족
막국수파는집 문수본점,문수동,면요리,,,,가게바로주문 | 먹깨비 | 땡겨요 | CHAK 지역상품권 | 전화주문 | 요기요 | 쿠팡이츠 | 배달의민족
만석군 봉산점,봉산동,한식,,,Y,가게바로주문 | 먹깨비 | 땡겨요 | CHAK 지역상품권 | 전화주문 | 요기요 | 쿠팡이츠 | 배달의민족
맘스터치 무선점,무선,햄버거/샌드위치/토스트/핫도그,,,Y,가게바로주문 | 먹깨비 | 땡겨요 | CHAK 지역상품권 | 전화주문 | 요기요 | 쿠팡이츠 | 배달의민족
맘스터치 여천 학동점,학동,햄버거/샌드위치/토스트/핫도그,,,Y,가게바로주문 | 먹깨비 | 땡겨요 | CHAK 지역상품권 | 전화주문 | 요기요 | 쿠팡이츠 | 배달의민족
맘스터치 웅천점,웅천동,햄버거/샌드위치/토스트/핫도그,,,Y,가게바로주문 | 먹깨비 | 땡겨요 | CHAK 지역상품권 | 전화주문 | 요기요 | 쿠팡이츠 | 배달의민족
맛나감자탕 여서점,여서동,국밥/찜/탕/찌개/조림,,,Y,가게바로주문 | 먹깨비 | 땡겨요 | CHAK 지역상품권 | 전화주문 | 요기요 | 쿠팡이츠 | 배달의민족
맛있는 전시회 국동점,국동,한식,,,,가게바로주문 | 먹깨비 | 땡겨요 | CHAK 지역상품권 | 전화주문 | 요기요 | 쿠팡이츠 | 배달의민족
매운맛 땡길때 밥장인 엑스포점,덕충동,한식,,,Y,가게바로주문 | 먹깨비 | 땡겨요 | CHAK 지역상품권 | 전화주문 | 요기요 | 쿠팡이츠 | 배달의민족
맥도날드 여수미평DT점,미평동,햄버거/샌드위치/토스트/핫도그,,083418621,Y,가게바로주문 | 땡겨요 | 요기요 | 쿠팡이츠 | 배달의민족 | CHAK 지역상품권 | 전화주문
맥도날드 여수학동DT점,학동,햄버거/샌드위치/토스트/핫도그,,083418621,Y,가게바로주문 | 땡겨요 | 요기요 | 쿠팡이츠 | 배달의민족 | CHAK 지역상품권 | 전화주문
맥시칸치킨 공화관문점,공화동,치킨,,,Y,가게바로주문 | 먹깨비 | CHAK 지역상품권 | 전화주문 | 요기요 | 쿠팡이츠 | 배달의민족
맥시칸치킨 돌산점,돌산,치킨,,,Y,가게바로주문 | 먹깨비 | 땡겨요 | CHAK 지역상품권 | 전화주문 | 요기요 | 쿠팡이츠 | 배달의민족
맥시칸치킨 무선점,화장동,치킨,,,Y,가게바로주문 | 먹깨비 | 땡겨요 | CHAK 지역상품권 | 전화주문 | 요기요 | 쿠팡이츠 | 배달의민족
맥시칸치킨 미평점,미평동,치킨,,,Y,가게바로주문 | 먹깨비 | 땡겨요 | CHAK 지역상품권 | 전화주문 | 요기요 | 쿠팡이츠 | 배달의민족
맵도리닭 봉산점,봉산동,분식/도시락,,,,가게바로주문 | 먹깨비 | 땡겨요 | CHAK 지역상품권 | 전화주문 | 요기요 | 쿠팡이츠
메가MGC커피 문수점,문수동,카페/디저트/베이커리/아이스크림/빙수,,,Y,가게바로주문 | 요기요 | 쿠팡이츠 | 배달의민족 | CHAK 지역상품권 | 전화주문
메가MGC커피 미평점,미평동,카페/디저트/베이커리/아이스크림/빙수,,,Y,가게바로주문 | 쿠팡이츠 | 배달의민족 | CHAK 지역상품권 | 전화주문
메가MGC커피 여서사거리점,여서동,카페/디저트/베이커리/아이스크림/빙수,,,Y,가게바로주문 | 배달의민족 | CHAK 지역상품권 | 전화주문
메가MGC커피 여수교동점,교동,카페/디저트/베이커리/아이스크림/빙수,,,Y,가게바로주문 | 먹깨비 | 땡겨요 | CHAK 지역상품권 | 전화주문 | 요기요 | 배달의민족
메가MGC커피 여수신기점,신기동,카페/디저트/베이커리/아이스크림/빙수,,,Y,가게바로주문 | 쿠팡이츠 | 배달의민족 | CHAK 지역상품권 | 전화주문
메가MGC커피 여수엑스포점,덕충동,카페/디저트/베이커리/아이스크림/빙수,,,Y,가게바로주문 | 배달의민족 | CHAK 지역상품권 | 전화주문
메가MGC커피 여수웅천점,웅천동,카페/디저트/베이커리/아이스크림/빙수,,,Y,가게바로주문 | 요기요 | 쿠팡이츠 | 배달의민족 | CHAK 지역상품권 | 전화주문
메가MGC커피 여수진남시장점(학동),학동,카페/디저트/베이커리/아이스크림/빙수,,,Y,가게바로주문 | 요기요 | 쿠팡이츠 | 배달의민족 | CHAK 지역상품권 | 전화주문
메가MGC커피 여수진남주유소점(봉계동),봉계동,카페/디저트/베이커리/아이스크림/빙수,,,Y,가게바로주문 | 쿠팡이츠 | 배달의민족 | CHAK 지역상품권 | 전화주문
메가MGC커피 여천점(학동),학동,카페/디저트/베이커리/아이스크림/빙수,,,Y,가게바로주문 | 먹깨비 | 땡겨요 | CHAK 지역상품권 | 전화주문
멕시카나치킨 국동점,국동,치킨,,,Y,가게바로주문 | 먹깨비 | 땡겨요 | CHAK 지역상품권 | 전화주문 | 요기요 | 배달의민족
멕시카나치킨 무선죽림점,선원동,치킨,,,Y,가게바로주문 | 먹깨비 | 땡겨요 | CHAK 지역상품권 | 전화주문 | 요기요 | 쿠팡이츠 | 배달의민족
멕시카나치킨 신기점,신기동,치킨,,,Y,가게바로주문 | 먹깨비 | 땡겨요 | CHAK 지역상품권 | 전화주문 | 요기요 | 쿠팡이츠 | 배달의민족
멕시카나치킨 여서점,여서동,치킨,,,Y,가게바로주문 | 먹깨비 | 땡겨요 | CHAK 지역상품권 | 전화주문 | 요기요 | 쿠팡이츠 | 배달의민족
멕시칸치킨 학동점,학동,치킨,,,Y,가게바로주문 | 땡겨요 | CHAK 지역상품권 | 전화주문 | 요기요 | 쿠팡이츠 | 배달의민족
멜로우 국동점,국동,카페/디저트/베이커리/아이스크림/빙수,,,,가게바로주문 | 먹깨비 | 땡겨요 | CHAK 지역상품권 | 전화주문 | 요기요 | 쿠팡이츠 | 배달의민족
명품1인도시락&시원냉면밀면(국동),국동,한식,,,,가게바로주문 | 먹깨비 | 땡겨요 | CHAK 지역상품권 | 전화주문 | 쿠팡이츠
명품육회 오림동점,오림동,회/초밥/선어/해산물,,,Y,가게바로주문 | 먹깨비 | 땡겨요 | CHAK 지역상품권 | 전화주문 | 요기요 | 쿠팡이츠 | 배달의민족
모도리보쌈족발 여수본점(봉산동),봉산동,족발/보쌈,,,Y,가게바로주문 | 먹깨비 | 땡겨요 | CHAK 지역상품권 | 전화주문 | 요기요 | 쿠팡이츠 | 배달의민족
모도리보쌈족발 여수직영점(신기동),신기동,족발/보쌈,,,Y,가게바로주문 | 먹깨비 | 땡겨요 | CHAK 지역상품권 | 전화주문 | 요기요 | 쿠팡이츠 | 배달의민족
몬스터탕수육 여수학동점,학동,중식,,,,가게바로주문 | 먹깨비 | 땡겨요 | CHAK 지역상품권 | 전화주문 | 쿠팡이츠 | 배달의민족
못말리는파닭 덕충점,덕충동,치킨,,,,가게바로주문 | 먹깨비 | 땡겨요 | CHAK 지역상품권 | 전화주문 | 요기요 | 쿠팡이츠 | 배달의민족
미스터피자 웅천점,웅천동,피자,,,Y,가게바로주문 | 먹깨비 | 땡겨요 | CHAK 지역상품권 | 전화주문 | 요기요 | 쿠팡이츠 | 배달의민족
미친 짜글이 서교점,서교동,한식,,,,가게바로주문 | 먹깨비 | CHAK 지역상품권 | 전화주문 | 요기요 | 쿠팡이츠 | 배달의민족
바다양푼이동태탕/찜 문수점,문수동,한식,,,Y,가게바로주문 | 먹깨비 | CHAK 지역상품권 | 전화주문 | 요기요 | 배달의민족
바르다김선생 여서점,여서동,한식,,,Y,가게바로주문 | 먹깨비 | CHAK 지역상품권 | 전화주문 | 요기요 | 쿠팡이츠 | 배달의민족
바른보쌈1990 문수점,문수동,족발/보쌈,,,Y,가게바로주문 | 땡겨요 | CHAK 지역상품권 | 전화주문 | 요기요 | 쿠팡이츠 | 배달의민족
바른보쌈1990 여수웅천점,웅천동,족발/보쌈,,,Y,가게바로주문 | 먹깨비 | 땡겨요 | CHAK 지역상품권 | 전화주문 | 요기요 | 쿠팡이츠 | 배달의민족
바삭한 휴게소 여서점,여서동,분식/도시락,,,,가게바로주문 | 먹깨비 | CHAK 지역상품권 | 전화주문 | 요기요 | 쿠팡이츠 | 배달의민족
박스터지는 두마리치킨 여수문수점,문수동,치킨,,,,가게바로주문 | 먹깨비 | 땡겨요 | CHAK 지역상품권 | 전화주문 | 쿠팡이츠 | 배달의민족
반반한족발닭발 학동점,학동,족발/보쌈,,,Y,가게바로주문 | 먹깨비 | 땡겨요 | CHAK 지역상품권 | 전화주문 | 요기요 | 쿠팡이츠 | 배달의민족
반올림피자 여수3호점피자(교동),교동,피자,,,Y,가게바로주문 | 땡겨요 | CHAK 지역상품권 | 전화주문 | 요기요 | 쿠팡이츠 | 배달의민족
반올림피자 여수점(신기동),신기동,피자,,,Y,가게바로주문 | 먹깨비 | 땡겨요 | CHAK 지역상품권 | 전화주문 | 요기요 | 쿠팡이츠 | 배달의민족
밥앤동 볶음밥&우동 충무점,충무동,한식,,,,가게바로주문 | 먹깨비 | 땡겨요 | CHAK 지역상품권 | 전화주문 | 요기요 | 쿠팡이츠 | 배달의민족
배불이 순대국&돼지국밥 교동점,교동,한식,,,,가게바로주문 | 먹깨비 | CHAK 지역상품권 | 전화주문 | 쿠팡이츠 | 배달의민족
배스킨라빈스 여수국동점,국동,카페/디저트/베이커리/아이스크림/빙수,,,Y,가게바로주문 | 먹깨비 | 땡겨요 | CHAK 지역상품권 | 전화주문 | 요기요 | 쿠팡이츠 | 배달의민족
배스킨라빈스 여수충무점,충무동,카페/디저트/베이커리/아이스크림/빙수,,,Y,가게바로주문 | 먹깨비 | 땡겨요 | CHAK 지역상품권 | 전화주문 | 요기요 | 쿠팡이츠 | 배달의민족
버거리 웅천점,웅천동,햄버거/샌드위치/토스트/핫도그,,,Y,가게바로주문 | 먹깨비 | CHAK 지역상품권 | 전화주문 | 요기요 | 쿠팡이츠 | 배달의민족
버거킹 웅천점,웅천동,햄버거/샌드위치/토스트/핫도그,,,Y,가게바로주문 | 땡겨요 | CHAK 지역상품권 | 전화주문 | 요기요 | 쿠팡이츠 | 배달의민족
별별김밥 봉산점,봉산동,분식/도시락,,,Y,가게바로주문 | 땡겨요 | CHAK 지역상품권 | 전화주문 | 요기요 | 쿠팡이츠 | 배달의민족
보드람치킨 여서점,여서동,치킨,,,Y,가게바로주문 | 먹깨비 | 땡겨요 | CHAK 지역상품권 | 전화주문 | 요기요 | 쿠팡이츠 | 배달의민족
보배반점 여수여서점,여서동,중식,,04278632054,Y,가게바로주문 | 먹깨비 | 땡겨요 | CHAK 지역상품권 | 전화주문 | 요기요 | 쿠팡이츠 | 배달의민족
봉명가닭도리탕 국동점,국동,한식,,,,가게바로주문 | 먹깨비 | 땡겨요 | CHAK 지역상품권 | 전화주문 | 요기요 | 쿠팡이츠 | 배달의민족
뵈르뵈르 여수봉산점,봉산동,카페/디저트/베이커리/아이스크림/빙수,,,Y,가게바로주문 | 땡겨요 | CHAK 지역상품권 | 전화주문 | 요기요 | 쿠팡이츠 | 배달의민족
부리나 바베큐 치킨 여문점,여서/ 문수,치킨,,,Y,가게바로주문 | 먹깨비 | 땡겨요 | CHAK 지역상품권 | 전화주문 | 요기요 | 쿠팡이츠 | 배달의민족
부어치킨 여수학동점,학동,치킨,,092116598,Y,가게바로주문 | 땡겨요 | CHAK 지역상품권 | 전화주문 | 요기요 | 쿠팡이츠 | 배달의민족
부어치킨&버거 여수소호점,소호동,치킨,,092116598,Y,가게바로주문 | 먹깨비 | CHAK 지역상품권 | 전화주문 | 요기요 | 쿠팡이츠 | 배달의민족
불의제육 여서점,여서동,한식,,,,가게바로주문 | 먹깨비 | CHAK 지역상품권 | 전화주문 | 쿠팡이츠 | 배달의민족
불족대가 미평점,미평동,족발/보쌈,,,Y,가게바로주문 | 쿠팡이츠 | 배달의민족 | CHAK 지역상품권 | 전화주문
붕붕먹거리 교동점,교동,한식,,,,가게바로주문 | 먹깨비 | CHAK 지역상품권 | 전화주문 | 배달의민족
브라더한정식도시락 여수점(문수동),문수동,분식/도시락,,,Y,가게바로주문 | 먹깨비 | 땡겨요 | CHAK 지역상품권 | 전화주문 | 요기요 | 배달의민족
비비큐 여수돌산점,돌산,치킨,,,Y,가게바로주문 | 먹깨비 | 땡겨요 | CHAK 지역상품권 | 전화주문 | 요기요 | 쿠팡이츠 | 배달의민족
비비큐 여수무선점,화장동,치킨,,,Y,가게바로주문 | 먹깨비 | 땡겨요 | CHAK 지역상품권 | 전화주문 | 요기요 | 쿠팡이츠 | 배달의민족
비비큐 여수신기행운점,신기동,치킨,,,Y,가게바로주문 | 먹깨비 | 땡겨요 | CHAK 지역상품권 | 전화주문 | 요기요 | 쿠팡이츠 | 배달의민족
비비큐 여수엑스포점,덕충동,치킨,,,Y,가게바로주문 | 먹깨비 | 땡겨요 | CHAK 지역상품권 | 전화주문 | 요기요 | 쿠팡이츠 | 배달의민족
비비큐 여수웅천점,웅천동,치킨,,,Y,가게바로주문 | 먹깨비 | 땡겨요 | CHAK 지역상품권 | 전화주문 | 요기요 | 쿠팡이츠 | 배달의민족
비비큐 여수죽림점,죽림,치킨,,,Y,가게바로주문 | 먹깨비 | 땡겨요 | CHAK 지역상품권 | 전화주문 | 요기요 | 쿠팡이츠 | 배달의민족
비비큐 여수충무점,충무동,치킨,,,Y,가게바로주문 | 땡겨요 | CHAK 지역상품권 | 전화주문 | 쿠팡이츠 | 배달의민족
비비큐 여수학동점,학동,치킨,,,Y,가게바로주문 | 먹깨비 | 땡겨요 | CHAK 지역상품권 | 전화주문 | 요기요 | 쿠팡이츠 | 배달의민족
삼마 문수점,문수동,카페/디저트/베이커리/아이스크림/빙수,,,Y,가게바로주문 | 먹깨비 | CHAK 지역상품권 | 전화주문 | 요기요 | 쿠팡이츠 | 배달의민족
삼해수산마차 국동점,국동,회/초밥/선어/해산물,,,Y,가게바로주문 | 먹깨비 | 땡겨요 | CHAK 지역상품권 | 전화주문 | 요기요 | 배달의민족
생생치킨 무선점(선원동),선원동,치킨,,,Y,가게바로주문 | 먹깨비 | CHAK 지역상품권 | 전화주문 | 쿠팡이츠 | 배달의민족
서희국밥&족발 국동본점,국동,한식,,,Y,가게바로주문 | 먹깨비 | 땡겨요 | CHAK 지역상품권 | 전화주문 | 쿠팡이츠 | 배달의민족
선비칼국수 여수국동점,국동,면요리,,,Y,가게바로주문 | 먹깨비 | CHAK 지역상품권 | 전화주문 | 요기요 | 쿠팡이츠 | 배달의민족
설악칡냉면 여문점,여서/ 문수,면요리,,,,가게바로주문 | 먹깨비 | 땡겨요 | CHAK 지역상품권 | 전화주문 | 요기요 | 쿠팡이츠 | 배달의민족
소녹 종화동점,종화동,한식,,,Y,가게바로주문 | 먹깨비 | 땡겨요 | CHAK 지역상품권 | 전화주문 | 쿠팡이츠 | 배달의민족
소유 커피&디저트 웅천점,웅천동,카페/디저트/베이커리/아이스크림/빙수,,,Y,가게바로주문 | 먹깨비 | 땡겨요 | CHAK 지역상품권 | 전화주문 | 요기요 | 쿠팡이츠 | 배달의민족
소코아 웅천점,웅천동,면요리,,,Y,가게바로주문 | 먹깨비 | CHAK 지역상품권 | 전화주문 | 요기요 | 쿠팡이츠 | 배달의민족
속초냉면&직화제육 교동점,교동,한식,,,,가게바로주문 | 먹깨비 | 땡겨요 | CHAK 지역상품권 | 전화주문 | 쿠팡이츠 | 배달의민족
손수김밥 여서점,여서동,한식,,,Y,가게바로주문 | 먹깨비 | 땡겨요 | CHAK 지역상품권 | 전화주문 | 요기요 | 쿠팡이츠 | 배달의민족
손수끓인육개장 문수점,문수동,한식,,,,가게바로주문 | 먹깨비 | 땡겨요 | CHAK 지역상품권 | 전화주문 | 쿠팡이츠 | 배달의민족
송촌꼬마김밥 여문점,"여서,문수",분식/도시락,,,Y,가게바로주문 | 먹깨비 | 땡겨요 | CHAK 지역상품권 | 전화주문 | 요기요 | 쿠팡이츠 | 배달의민족
수시아 김밥전문 공화동점,공화동,한식,,,Y,가게바로주문 | 먹깨비 | 땡겨요 | CHAK 지역상품권 | 전화주문 | 요기요 | 배달의민족
수원왕갈비통닭 여서점,여서동,치킨,,,,가게바로주문 | 먹깨비 | 땡겨요 | CHAK 지역상품권 | 전화주문 | 쿠팡이츠
수육보쌈 25시포차(여서동),여서동,족발/보쌈,,,Y,가게바로주문 | 먹깨비 | 땡겨요 | CHAK 지역상품권 | 전화주문 | 요기요 | 쿠팡이츠 | 배달의민족
순살 참잘튀기는집 여수점(여서동),여서동,치킨,,,,가게바로주문 | 먹깨비 | 땡겨요 | CHAK 지역상품권 | 전화주문 | 쿠팡이츠 | 배달의민족
순살만공격 여수여서점,여서동,치킨,,,Y,가게바로주문 | 먹깨비 | 땡겨요 | CHAK 지역상품권 | 전화주문 | 요기요 | 쿠팡이츠 | 배달의민족
쉐프의수제요리 야미야미 여서점,여서동,국밥/찜/탕/찌개/조림,,,Y,가게바로주문 | 먹깨비 | 땡겨요 | CHAK 지역상품권 | 전화주문 | 쿠팡이츠 | 배달의민족
스텔라떡볶이 웅천점,웅천동,분식/도시락,,,Y,가게바로주문 | 먹깨비 | 땡겨요 | CHAK 지역상품권 | 전화주문 | 요기요 | 쿠팡이츠 | 배달의민족
스팸많이주는부대찌개 여서점,여서동,한식,,,,가게바로주문 | 먹깨비 | 땡겨요 | CHAK 지역상품권 | 전화주문 | 요기요 | 쿠팡이츠 | 배달의민족
슬기로운 김치찜/제육대패,"여서,문수",한식,,,,가게바로주문 | 먹깨비 | 땡겨요 | CHAK 지역상품권 | 전화주문 | 요기요 | 쿠팡이츠 | 배달의민족
슬기로운돼지생활(문수동),문수동,한식,,,Y,가게바로주문 | 먹깨비 | 땡겨요 | CHAK 지역상품권 | 전화주문 | 요기요 | 쿠팡이츠 | 배달의민족
시니롱 웅천점,웅천동,카페/디저트/베이커리/아이스크림/빙수,,,Y,가게바로주문 | 먹깨비 | 땡겨요 | CHAK 지역상품권 | 전화주문 | 쿠팡이츠 | 배달의민족
시민감자탕 문수점,문수동,한식,,,,가게바로주문 | 먹깨비 | CHAK 지역상품권 | 전화주문 | 요기요 | 배달의민족
시우푸드 봉산점,봉산동,한식,,,,가게바로주문 | 먹깨비 | CHAK 지역상품권 | 전화주문 | 쿠팡이츠 | 배달의민족
시장불닭발 문수점,문수동,야식/주점,,,Y,가게바로주문 | 먹깨비 | CHAK 지역상품권 | 전화주문 | 요기요 | 배달의민족
신전떡볶이 문수점,문수동,분식/도시락,,,Y,가게바로주문 | 먹깨비 | 땡겨요 | CHAK 지역상품권 | 전화주문 | 요기요 | 쿠팡이츠 | 배달의민족
쌀쌀맞은닭 여천점(신기동),신기동,치킨,,,Y,가게바로주문 | 먹깨비 | CHAK 지역상품권 | 전화주문 | 요기요 | 쿠팡이츠 | 배달의민족
쌀통닭 무선점,화장동,치킨,,,Y,가게바로주문 | 먹깨비 | 땡겨요 | CHAK 지역상품권 | 전화주문 | 요기요 | 쿠팡이츠 | 배달의민족
쌀통닭 여문점,여서/ 문수,치킨,,,Y,가게바로주문 | 먹깨비 | 땡겨요 | CHAK 지역상품권 | 전화주문 | 요기요 | 쿠팡이츠 | 배달의민족
쑝쑝돈까스 문수점,문수동,돈까스/일식,,,Y,가게바로주문 | 먹깨비 | CHAK 지역상품권 | 전화주문 | 요기요 | 쿠팡이츠 | 배달의민족
아구찜&장어탕명가 조롱박 교동점,교동,한식,,,Y,가게바로주문 | 먹깨비 | 땡겨요 | CHAK 지역상품권 | 전화주문 | 요기요 | 쿠팡이츠 | 배달의민족
아담만두 문수점,문수동,분식/도시락,,,Y,가게바로주문 | 먹깨비 | 땡겨요 | CHAK 지역상품권 | 전화주문 | 요기요 | 쿠팡이츠 | 배달의민족
아성짬뽕 직화맛집 여서점,여서동,중식,,,,가게바로주문 | 먹깨비 | 땡겨요 | CHAK 지역상품권 | 전화주문 | 요기요 | 쿠팡이츠 | 배달의민족
아이커 버거&치킨 여천점(신기동),신기동,햄버거/샌드위치/토스트/핫도그,,,Y,가게바로주문 | 먹깨비 | 땡겨요 | CHAK 지역상품권 | 전화주문 | 요기요 | 쿠팡이츠 | 배달의민족
아주커치킨 관문점,관문동,치킨,,034210290,Y,가게바로주문 | 먹깨비 | 땡겨요 | CHAK 지역상품권 | 전화주문 | 요기요 | 쿠팡이츠 | 배달의민족
아주커치킨 무선점,화장동,치킨,,034210290,Y,가게바로주문 | 먹깨비 | 땡겨요 | CHAK 지역상품권 | 전화주문 | 요기요 | 쿠팡이츠 | 배달의민족
아주커치킨 여수국동점,국동,치킨,,034210290,Y,가게바로주문 | 먹깨비 | 땡겨요 | CHAK 지역상품권 | 전화주문 | 요기요 | 쿠팡이츠 | 배달의민족
아주커치킨 여수돌산대교점,돌산,치킨,,034210290,Y,가게바로주문 | 먹깨비 | 땡겨요 | CHAK 지역상품권 | 전화주문 | 요기요 | 쿠팡이츠 | 배달의민족
아주커치킨 학동점,학동,치킨,,034210290,Y,가게바로주문 | 먹깨비 | 땡겨요 | CHAK 지역상품권 | 전화주문 | 요기요 | 쿠팡이츠 | 배달의민족
얌샘김밥 웅천점,웅천동,분식/도시락,,,Y,가게바로주문 | 먹깨비 | CHAK 지역상품권 | 전화주문 | 요기요 | 쿠팡이츠 | 배달의민족
엄마미안 김치찜 공화동점,공화동,한식,,,,가게바로주문 | 먹깨비 | 땡겨요 | CHAK 지역상품권 | 전화주문 | 쿠팡이츠 | 배달의민족
여서 육감 문수점,여서동,한식,,,Y,가게바로주문 | 먹깨비 | 땡겨요 | CHAK 지역상품권 | 전화주문 | 요기요 | 쿠팡이츠 | 배달의민족
여수 김치찜 참 잘하는집 봉산점,봉산동,한식,,,,가게바로주문 | 땡겨요 | CHAK 지역상품권 | 전화주문 | 요기요 | 쿠팡이츠 | 배달의민족
여수 오리날개 튀김 여천점(신기동),신기동,치킨,,,Y,가게바로주문 | 먹깨비 | 땡겨요 | CHAK 지역상품권 | 전화주문 | 요기요 | 쿠팡이츠 | 배달의민족
여수강촌토종닭숯불구이 봉산직영점,봉산동,치킨,,,Y,가게바로주문 | 먹깨비 | 땡겨요 | CHAK 지역상품권 | 전화주문 | 배달의민족
여수강촌토종닭숯불구이 웅천본점,웅천동,치킨,,,Y,가게바로주문 | 먹깨비 | CHAK 지역상품권 | 전화주문 | 쿠팡이츠 | 배달의민족
여수강촌토종닭숯불구이 죽림직영점,죽림,치킨,,,Y,가게바로주문 | 먹깨비 | 땡겨요 | CHAK 지역상품권 | 전화주문 | 쿠팡이츠 | 배달의민족
여수다복 교동점,교동,한식,,,Y,가게바로주문 | 먹깨비 | 땡겨요 | CHAK 지역상품권 | 전화주문 | 요기요 | 쿠팡이츠 | 배달의민족
여수분식 문수점,문수동,분식/도시락,,,Y,가게바로주문 | 먹깨비 | 땡겨요 | CHAK 지역상품권 | 전화주문 | 요기요 | 쿠팡이츠 | 배달의민족
여수족발 엑스포점,공화동,족발/보쌈,,,Y,가게바로주문 | 땡겨요 | CHAK 지역상품권 | 전화주문 | 요기요 | 쿠팡이츠 | 배달의민족
여수족발(신기동),신기동,족발/보쌈,,,Y,가게바로주문 | 먹깨비 | 땡겨요 | CHAK 지역상품권 | 전화주문 | 요기요 | 쿠팡이츠 | 배달의민족
여수튀김 국동점,국동,분식/도시락,,,Y,가게바로주문 | 먹깨비 | 땡겨요 | CHAK 지역상품권 | 전화주문 | 요기요 | 쿠팡이츠 | 배달의민족
역전할머니맥주 덕충점,덕충동,야식/주점,,,Y,가게바로주문 | 먹깨비 | CHAK 지역상품권 | 전화주문 | 요기요 | 쿠팡이츠 | 배달의민족
연변양꼬치구이&마라탕 여서점,여서동,마라탕/양꼬치,,,,가게바로주문 | 먹깨비 | CHAK 지역상품권 | 전화주문
영화루 국동점,국동,중식,,,,가게바로주문 | 먹깨비 | 땡겨요 | CHAK 지역상품권 | 전화주문 | 요기요 | 쿠팡이츠 | 배달의민족
예원닭강정 여수1호점(문수동),문수동,치킨,,,,가게바로주문 | 먹깨비 | CHAK 지역상품권 | 전화주문 | 요기요 | 쿠팡이츠 | 배달의민족
예향정 여서점,여서동,한식,,,Y,가게바로주문 | 먹깨비 | 땡겨요 | CHAK 지역상품권 | 전화주문 | 요기요 | 쿠팡이츠 | 배달의민족
오꾸닭 학동점,학동,치킨,,,Y,가게바로주문 | 먹깨비 | 땡겨요 | CHAK 지역상품권 | 전화주문 | 요기요 | 쿠팡이츠 | 배달의민족
오늘은카레 봉산점,봉산동,분식/도시락,,,,가게바로주문 | 먹깨비 | CHAK 지역상품권 | 쿠팡이츠 | 배달의민족 | 요기요
온앤 신월점,신월동,피자,,,Y,가게바로주문 | 먹깨비 | 땡겨요 | CHAK 지역상품권 | 전화주문 | 배달의민족
왕창 돼지두루치기 여서점,여서동,한식,,,,가게바로주문 | 먹깨비 | CHAK 지역상품권 | 전화주문
우가족발 여수점(충무동),충무동,족발/보쌈,,,Y,가게바로주문 | 먹깨비 | 땡겨요 | CHAK 지역상품권 | 전화주문 | 요기요 | 쿠팡이츠 | 배달의민족
우리할매떡볶이 여서점,여서동,분식/도시락,,,Y,가게바로주문 | 먹깨비 | CHAK 지역상품권 | 전화주문 | 요기요 | 쿠팡이츠 | 배달의민족
우사골설렁탕 여서동본점,여서동,한식,,,Y,가게바로주문 | 먹깨비 | CHAK 지역상품권 | 전화주문 | 쿠팡이츠 | 배달의민족
우주호떡 여서점,여서동,분식/도시락,,,Y,가게바로주문 | 먹깨비 | 땡겨요 | CHAK 지역상품권 | 전화주문 | 쿠팡이츠 | 배달의민족
울엄마 김치찜 갈비찜 중앙점,중앙동,한식,,,,가게바로주문 | 먹깨비 | CHAK 지역상품권 | 전화주문 | 쿠팡이츠 | 배달의민족
웅천횟집,웅천동,회/초밥/선어/해산물,,,Y,가게바로주문 | 먹깨비 | 땡겨요 | CHAK 지역상품권 | 전화주문 | 요기요 | 쿠팡이츠 | 배달의민족
원할머니보쌈족발 여수여천점,여천동,족발/보쌈,,,Y,가게바로주문 | 먹깨비 | 땡겨요 | CHAK 지역상품권 | 전화주문 | 요기요 | 쿠팡이츠 | 배달의민족
웡김밥 여서점,여서동,분식/도시락,,,Y,가게바로주문 | 먹깨비 | 땡겨요 | CHAK 지역상품권 | 전화주문 | 쿠팡이츠 | 배달의민족
위대한 닭뽀끼&짜파구리 여서점,여서동,분식/도시락,,,Y,가게바로주문 | 먹깨비 | 땡겨요 | CHAK 지역상품권 | 전화주문 | 요기요 | 쿠팡이츠
유어문 Your Moon 둔덕점,"미평, 둔덕동",카페/디저트/베이커리/아이스크림/빙수,,,,가게바로주문 | 먹깨비 | 땡겨요 | CHAK 지역상품권 | 전화주문
육식사관학교 여서점,여서동,한식,,,Y,가게바로주문 | 먹깨비 | 땡겨요 | CHAK 지역상품권 | 전화주문 | 요기요 | 쿠팡이츠 | 배달의민족
육회밤바다 여서점,여서동,회/초밥/선어/해산물,,,Y,가게바로주문 | 먹깨비 | 땡겨요 | CHAK 지역상품권 | 전화주문 | 요기요 | 쿠팡이츠 | 배달의민족
윤김밥 문수점,문수동,분식/도시락,,,Y,가게바로주문 | 먹깨비 | 땡겨요 | CHAK 지역상품권 | 전화주문 | 쿠팡이츠 | 배달의민족
이가네 나주곰탕&설렁탕 교동점,교동,한식,,,,가게바로주문 | 먹깨비 | 땡겨요 | CHAK 지역상품권 | 전화주문 | 요기요 | 쿠팡이츠 | 배달의민족
이동천 시원냉면 여서점,여서동,면요리,,,,가게바로주문 | 먹깨비 | CHAK 지역상품권 | 전화주문 | 요기요 | 쿠팡이츠 | 배달의민족
이디야 여수대교동점,교동,카페/디저트/베이커리/아이스크림/빙수,,081246088,Y,가게바로주문 | 땡겨요 | CHAK 지역상품권 | 전화주문 | 요기요 | 쿠팡이츠 | 배달의민족
이디야커피 여수돌산우두리점,돌산,카페/디저트/베이커리/아이스크림/빙수,,081246088,Y,가게바로주문 | 먹깨비 | CHAK 지역상품권 | 전화주문 | 요기요 | 쿠팡이츠 | 배달의민족
이디야커피 여수연등메트하임점,연등동,카페/디저트/베이커리/아이스크림/빙수,,081246088,Y,가게바로주문 | 먹깨비 | 땡겨요 | CHAK 지역상품권 | 전화주문 | 요기요 | 쿠팡이츠 | 배달의민족
이라이타코야끼 봉산점,봉산동,카페/디저트/베이커리/아이스크림/빙수,,,,가게바로주문 | 먹깨비 | 땡겨요 | CHAK 지역상품권 | 전화주문 | 요기요 | 쿠팡이츠 | 배달의민족
이라이타코야끼&카페1리터 여문점,"여서,문수",카페/디저트/베이커리/아이스크림/빙수,,,,가게바로주문 | 먹깨비 | 땡겨요 | CHAK 지역상품권 | 전화주문 | 요기요 | 쿠팡이츠 | 배달의민족
이모네분식 봉산점,봉산동,분식/도시락,,,Y,가게바로주문 | 먹깨비 | 땡겨요 | CHAK 지역상품권 | 전화주문 | 요기요 | 쿠팡이츠 | 배달의민족
인생냉면 가야밀면 여서점,여서동,한식,,,,가게바로주문 | 먹깨비 | 땡겨요 | CHAK 지역상품권 | 전화주문 | 요기요 | 쿠팡이츠 | 배달의민족
인생냉면 국동점,국동,면요리,,,,가게바로주문 | 먹깨비 | 땡겨요 | CHAK 지역상품권 | 전화주문 | 요기요 | 쿠팡이츠 | 배달의민족
임꺽정 갈비탕 봉산점,봉산동,한식,,,Y,가게바로주문 | 먹깨비 | CHAK 지역상품권 | 전화주문 | 쿠팡이츠 | 배달의민족
잇텐스시 국동점,국동,회/초밥/선어/해산물,,,Y,가게바로주문 | 땡겨요 | CHAK 지역상품권 | 전화주문 | 요기요 | 쿠팡이츠 | 배달의민족
자담치킨 여수엑스포점,덕충동,치킨,,,Y,가게바로주문 | 먹깨비 | 땡겨요 | CHAK 지역상품권 | 전화주문 | 요기요 | 쿠팡이츠 | 배달의민족
자담치킨 여수여서점,여서동,치킨,,,Y,가게바로주문 | 먹깨비 | 땡겨요 | CHAK 지역상품권 | 전화주문 | 요기요 | 쿠팡이츠 | 배달의민족
자담치킨 여수웅천점,웅천동,치킨,,,Y,가게바로주문 | 먹깨비 | 땡겨요 | CHAK 지역상품권 | 전화주문 | 요기요 | 쿠팡이츠 | 배달의민족
자담치킨 여수죽림점,죽림,치킨,,,Y,가게바로주문 | 먹깨비 | 땡겨요 | CHAK 지역상품권 | 전화주문 | 요기요 | 쿠팡이츠 | 배달의민족
자담치킨 여수학동점,학동,치킨,,,Y,가게바로주문 | 먹깨비 | 땡겨요 | CHAK 지역상품권 | 전화주문 | 배달의민족
자연산오징어회 봉산점,봉산동,회/초밥/선어/해산물,,,,가게바로주문 | 먹깨비 | 땡겨요 | CHAK 지역상품권 | 전화주문 | 쿠팡이츠 | 배달의민족
장터순대국 교동점,교동,한식,,,Y,가게바로주문 | 먹깨비 | 땡겨요 | CHAK 지역상품권 | 전화주문 | 요기요 | 쿠팡이츠 | 배달의민족
전가복 웅천점,웅천동,중식,,,Y,가게바로주문 | 먹깨비 | 땡겨요 | CHAK 지역상품권 | 전화주문 | 요기요 | 쿠팡이츠 | 배달의민족
전골의법칙 얼큰한곱창전골 문수점,문수동,한식,,,Y,가게바로주문 | 먹깨비 | 땡겨요 | CHAK 지역상품권 | 전화주문 | 요기요 | 쿠팡이츠 | 배달의민족
정담오리바베큐 여수엑스포점,덕충동,고기/구이,,,,가게바로주문 | 먹깨비 | CHAK 지역상품권 | 전화주문 | 쿠팡이츠 | 배달의민족
정말 맛있는 김치찌개 문수점,문수동,국밥/찜/탕/찌개/조림,,,,가게바로주문 | 먹깨비 | 땡겨요 | CHAK 지역상품권 | 전화주문 | 쿠팡이츠 | 배달의민족
제목 없음,여수시,기타,,,,
제복이네 짜글이&제육쌈밥&두루치기 교동점,교동,한식,,,Y,가게바로주문 | 먹깨비 | CHAK 지역상품권 | 전화주문 | 쿠팡이츠 | 배달의민족
제육대패 문수점,문수동,고기/구이,,,,가게바로주문 | 먹깨비 | 땡겨요 | CHAK 지역상품권 | 전화주문 | 쿠팡이츠 | 배달의민족
조선다방 국동점,국동,카페/디저트/베이커리/아이스크림/빙수,,,Y,가게바로주문 | 먹깨비 | 땡겨요 | CHAK 지역상품권 | 전화주문 | 배달의민족
조선다방 돌산점,돌산,카페/디저트/베이커리/아이스크림/빙수,,,Y,가게바로주문 | 먹깨비 | CHAK 지역상품권 | 전화주문 | 요기요 | 쿠팡이츠 | 배달의민족
조선다방 엑스포점,덕충동,카페/디저트/베이커리/아이스크림/빙수,,,Y,가게바로주문 | 먹깨비 | 땡겨요 | CHAK 지역상품권 | 전화주문 | 요기요 | 배달의민족
조선제일 감자탕&뼈해장국 여서점,여서동,국밥/찜/탕/찌개/조림,,,Y,가게바로주문 | 땡겨요 | CHAK 지역상품권 | 전화주문 | 쿠팡이츠 | 배달의민족
종가찜 문수점,문수동,국밥/찜/탕/찌개/조림,,,,가게바로주문 | 먹깨비 | 땡겨요 | CHAK 지역상품권 | 전화주문 | 요기요 | 쿠팡이츠 | 배달의민족
중앙돈까스 국동점,국동,돈까스/일식,,,Y,가게바로주문 | 먹깨비 | 땡겨요 | CHAK 지역상품권 | 전화주문 | 요기요 | 쿠팡이츠 | 배달의민족
쥬씨차얌 여서점,여서동,카페/디저트/베이커리/아이스크림/빙수,,,,가게바로주문 | 먹깨비 | CHAK 지역상품권 | 전화주문 | 배달의민족
지코바숯불양념치킨 여천점(신기동),신기동,치킨,,,Y,가게바로주문 | 먹깨비 | 땡겨요 | CHAK 지역상품권 | 전화주문 | 요기요 | 쿠팡이츠 | 배달의민족
진남컵밥 중앙점,중앙동,한식,,,Y,가게바로주문 | 먹깨비 | 땡겨요 | CHAK 지역상품권 | 전화주문 | 쿠팡이츠 | 배달의민족
진통뼈사랑 봉산점,봉산동,한식,,,Y,가게바로주문 | 먹깨비 | CHAK 지역상품권 | 전화주문 | 요기요 | 쿠팡이츠 | 배달의민족
진한설렁탕 문수점,문수동,한식,,,Y,가게바로주문 | 먹깨비 | 땡겨요 | CHAK 지역상품권 | 전화주문 | 배달의민족
집으로 삼겹구이 문수점,문수동,한식,,,,가게바로주문 | 먹깨비 | 땡겨요 | CHAK 지역상품권 | 전화주문 | 요기요 | 쿠팡이츠 | 배달의민족
짜장왕 왕서방 여서점,여서동,중식,,,,가게바로주문 | 먹깨비 | 땡겨요 | CHAK 지역상품권 | 전화주문 | 요기요 | 쿠팡이츠
짱구김밥 문수점,문수동,분식/도시락,,,Y,가게바로주문 | 먹깨비 | CHAK 지역상품권 | 전화주문 | 쿠팡이츠 | 배달의민족
쭈꾸미닭 공화점,공화동,한식,,,,가게바로주문 | 먹깨비 | 땡겨요 | CHAK 지역상품권 | 전화주문 | 쿠팡이츠 | 배달의민족
쭈신쭈왕 문수점,문수동,한식,,,,가게바로주문 | 먹깨비 | 땡겨요 | CHAK 지역상품권 | 전화주문 | 요기요 | 쿠팡이츠 | 배달의민족
찌개랑갈비랑 여서점,여서동,한식,,,,가게바로주문 | 먹깨비 | CHAK 지역상품권 | 전화주문 | 요기요 | 쿠팡이츠 | 배달의민족
찜스틸러갈비찜 봉산점,봉산동,한식,,,,가게바로주문 | 먹깨비 | 땡겨요 | CHAK 지역상품권 | 전화주문 | 요기요 | 쿠팡이츠 | 배달의민족
차이난짬뽕 여서점,여서동,중식,,,,가게바로주문 | 먹깨비 | CHAK 지역상품권 | 전화주문 | 요기요 | 쿠팡이츠 | 배달의민족
참 맛있는 족발 여수본점(신기동),신기동,족발/보쌈,,,Y,가게바로주문 | 먹깨비 | 땡겨요 | CHAK 지역상품권 | 전화주문 | 요기요 | 쿠팡이츠 | 배달의민족
참숯이면돼지 문수점,문수동,한식,,,,가게바로주문 | 먹깨비 | 땡겨요 | CHAK 지역상품권 | 전화주문 | 쿠팡이츠 | 배달의민족
찹쌀품은 삼계탕 문수점,문수동,한식,,,,가게바로주문 | 먹깨비 | 땡겨요 | CHAK 지역상품권 | 전화주문 | 쿠팡이츠 | 배달의민족
처갓집양념치킨 무선점,화장동,치킨,,,Y,가게바로주문 | 먹깨비 | 땡겨요 | CHAK 지역상품권 | 전화주문 | 요기요 | 배달의민족
처갓집양념치킨 문수점,문수동,치킨,,,Y,가게바로주문 | 먹깨비 | 땡겨요 | CHAK 지역상품권 | 전화주문 | 배달의민족
처갓집양념치킨 신기점,신기동,치킨,,,Y,가게바로주문 | 먹깨비 | 땡겨요 | CHAK 지역상품권 | 전화주문 | 요기요 | 쿠팡이츠 | 배달의민족
처갓집양념치킨 웅천점,웅천동,치킨,,,Y,가게바로주문 | 요기요 | 배달의민족 | CHAK 지역상품권 | 전화주문
철웅이네 입큰 붕어빵 문수점,문수동,분식/도시락,,,Y,가게바로주문 | 먹깨비 | CHAK 지역상품권 | 전화주문 | 요기요
청년뚝배기 덕충점,덕충동,한식,,,,가게바로주문 | 먹깨비 | 땡겨요 | CHAK 지역상품권 | 전화주문 | 쿠팡이츠 | 배달의민족
청담곱떡 고소동점,고소동,국밥/찜/탕/찌개/조림,,,,가게바로주문 | 먹깨비 | 땡겨요 | CHAK 지역상품권 | 전화주문 | 요기요 | 쿠팡이츠 | 배달의민족
청담낙곱새 고소동점,고소동,한식,,,,가게바로주문 | 먹깨비 | 땡겨요 | CHAK 지역상품권 | 전화주문 | 요기요 | 쿠팡이츠 | 배달의민족
청담피자 여수웅천,웅천동,피자,,,Y,가게바로주문 | 먹깨비 | 땡겨요 | CHAK 지역상품권 | 전화주문 | 요기요 | 쿠팡이츠 | 배달의민족
청담피자 여수죽림점,죽림,피자,,,Y,가게바로주문 | 땡겨요 | CHAK 지역상품권 | 전화주문 | 요기요 | 쿠팡이츠 | 배달의민족
청송삼계탕&닭칼국수 문수점,문수동,한식,,,,가게바로주문 | 먹깨비 | CHAK 지역상품권 | 전화주문 | 쿠팡이츠 | 배달의민족
청정게장촌 봉산점,봉산동,한식,,,Y,가게바로주문 | 먹깨비 | CHAK 지역상품권 | 전화주문 | 쿠팡이츠 | 배달의민족
청춘꼬마김밥 여수국동점,국동,분식/도시락,,,Y,가게바로주문 | 땡겨요 | CHAK 지역상품권 | 전화주문 | 요기요 | 쿠팡이츠 | 배달의민족
청하대 영빈관 여서점,여서동,한식,,,Y,가게바로주문 | 먹깨비 | CHAK 지역상품권 | 전화주문 | 쿠팡이츠 | 배달의민족
초밥처럼 봉산점,봉산동,회/초밥/선어/해산물,,,,가게바로주문 | 먹깨비 | 땡겨요 | CHAK 지역상품권 | 전화주문 | 요기요 | 쿠팡이츠 | 배달의민족
치코두마리파닭 여서점,여서동,치킨,,,,가게바로주문 | 먹깨비 | 땡겨요 | CHAK 지역상품권 | 전화주문 | 요기요 | 쿠팡이츠 | 배달의민족
치킨갱스터 국동유탑점,국동,치킨,,,Y,가게바로주문 | 땡겨요 | CHAK 지역상품권 | 전화주문 | 요기요 | 쿠팡이츠
치킨마루 무선호수공원점(화장동),화장동,치킨,,,Y,가게바로주문 | 먹깨비 | CHAK 지역상품권 | 전화주문 | 요기요 | 쿠팡이츠 | 배달의민족
치킨마루 여수봉계점,봉계동,치킨,,,Y,가게바로주문 | 먹깨비 | 땡겨요 | CHAK 지역상품권 | 전화주문 | 요기요 | 쿠팡이츠 | 배달의민족
치킨아이 국동점,국동,치킨,,,Y,가게바로주문 | 먹깨비 | 땡겨요 | CHAK 지역상품권 | 전화주문 | 요기요 | 쿠팡이츠 | 배달의민족
치킨아이 둔덕점,미평/ 둔덕,치킨,,,Y,가게바로주문 | 먹깨비 | 땡겨요 | CHAK 지역상품권 | 전화주문 | 쿠팡이츠 | 배달의민족
치킨아이 무선점,선원동,치킨,,,Y,가게바로주문 | 먹깨비 | 땡겨요 | CHAK 지역상품권 | 전화주문 | 요기요 | 쿠팡이츠 | 배달의민족
치킨아이 문수점,문수동,치킨,,,Y,가게바로주문 | 먹깨비 | 땡겨요 | CHAK 지역상품권 | 전화주문 | 쿠팡이츠 | 배달의민족
치킨아이 소호점,소호동,치킨,,,Y,가게바로주문 | 먹깨비 | 땡겨요 | CHAK 지역상품권 | 전화주문 | 요기요 | 쿠팡이츠 | 배달의민족
치킨아이 신기점,신기동,치킨,,,Y,가게바로주문 | 먹깨비 | 땡겨요 | CHAK 지역상품권 | 전화주문 | 요기요 | 쿠팡이츠 | 배달의민족
치킨아이 학동점,학동,치킨,,,Y,가게바로주문 | 먹깨비 | 땡겨요 | CHAK 지역상품권 | 전화주문 | 요기요 | 쿠팡이츠 | 배달의민족
치폴리니 여서점,여서동,카페/디저트/베이커리/아이스크림/빙수,,,Y,가게바로주문 | 먹깨비 | 땡겨요 | CHAK 지역상품권 | 전화주문 | 쿠팡이츠 | 배달의민족
카레상 봉산점,봉산동,돈까스/일식,,,,가게바로주문 | 먹깨비 | 땡겨요 | CHAK 지역상품권 | 전화주문 | 요기요 | 쿠팡이츠 | 배달의민족
카페요아정 여수엑스포점,덕충동,카페/디저트/베이커리/아이스크림/빙수,,,Y,가게바로주문 | 먹깨비 | CHAK 지역상품권 | 전화주문 | 요기요 | 배달의민족
코리안 찌개 타운 서교점,서교동,한식,,,,가게바로주문 | 먹깨비 | CHAK 지역상품권 | 전화주문 | 요기요 | 쿠팡이츠 | 배달의민족
코리엔탈깻잎두마리치킨 선원점,선원동,치킨,,,,가게바로주문 | 먹깨비 | 땡겨요 | CHAK 지역상품권 | 전화주문 | 쿠팡이츠 | 배달의민족
콩담은 콩나물 국밥 문수점,문수동,한식,,,,가게바로주문 | 먹깨비 | CHAK 지역상품권 | 전화주문
크라운닭발 문수점,문수동,야식/주점,,,Y,가게바로주문 | 먹깨비 | 땡겨요 | CHAK 지역상품권 | 전화주문 | 요기요 | 쿠팡이츠 | 배달의민족
큰손닭강정 여수본점(학동),학동,치킨,,,Y,가게바로주문 | 먹깨비 | 땡겨요 | CHAK 지역상품권 | 전화주문 | 요기요 | 쿠팡이츠 | 배달의민족
키로족발 여수점(여서동),여서동,족발/보쌈,,,Y,가게바로주문 | 먹깨비 | 땡겨요 | CHAK 지역상품권 | 전화주문 | 요기요 | 쿠팡이츠 | 배달의민족
킹스타피자 관문점,관문동,피자,,,Y,가게바로주문 | 먹깨비 | 땡겨요 | CHAK 지역상품권 | 전화주문 | 요기요 | 쿠팡이츠 | 배달의민족
킹짬뽕 본점(여서동),여서동,중식,,,Y,가게바로주문 | 먹깨비 | 땡겨요 | CHAK 지역상품권 | 전화주문 | 요기요 | 쿠팡이츠 | 배달의민족
타코아찌 타코야끼전문점 문수점,문수동,야식/주점,,,Y,가게바로주문 | 먹깨비 | 땡겨요 | CHAK 지역상품권 | 전화주문 | 쿠팡이츠 | 배달의민족
타코이찌 타코야끼전문점 문수점,문수동,카페/디저트/베이커리/아이스크림/빙수,,,,가게바로주문 | 먹깨비 | 땡겨요 | CHAK 지역상품권 | 전화주문 | 쿠팡이츠 | 배달의민족
탕참 탕수육참잘하는집 여수점(여서동),여서동,중식,,,,가게바로주문 | 먹깨비 | 땡겨요 | CHAK 지역상품권 | 전화주문 | 요기요 | 쿠팡이츠 | 배달의민족
토담 민속주점 문수점,문수동,한식,,,Y,가게바로주문 | 먹깨비 | CHAK 지역상품권 | 전화주문 | 요기요 | 배달의민족
통뼈감자탕 문수점,문수동,한식,,,,가게바로주문 | 먹깨비 | 땡겨요 | CHAK 지역상품권 | 전화주문 | 요기요 | 쿠팡이츠 | 배달의민족
통큰두마리찜닭 여서점,여서동,국밥/찜/탕/찌개/조림,,,,가게바로주문 | 먹깨비 | 땡겨요 | CHAK 지역상품권 | 전화주문 | 쿠팡이츠 | 배달의민족
통큰한방삼계탕 공화점,공화동,한식,,,,가게바로주문 | 먹깨비 | 땡겨요 | CHAK 지역상품권 | 전화주문 | 쿠팡이츠 | 배달의민족
투썸플레이스 웅천점,웅천동,카페/디저트/베이커리/아이스크림/빙수,,,Y,가게바로주문 | 먹깨비 | 땡겨요 | CHAK 지역상품권 | 전화주문 | 요기요 | 쿠팡이츠 | 배달의민족
투썸플레이스 한재사거리점,광무동,카페/디저트/베이커리/아이스크림/빙수,,,Y,가게바로주문 | 땡겨요 | CHAK 지역상품권 | 전화주문 | 요기요 | 쿠팡이츠 | 배달의민족
파리바게뜨 여수교동점,교동,카페/디저트/베이커리/아이스크림/빙수,,,Y,가게바로주문 | 땡겨요 | CHAK 지역상품권 | 전화주문 | 요기요 | 쿠팡이츠 | 배달의민족
파리바게뜨 여수국동점,국동,카페/디저트/베이커리/아이스크림/빙수,,,Y,가게바로주문 | 땡겨요 | CHAK 지역상품권 | 전화주문 | 요기요 | 쿠팡이츠 | 배달의민족
파리바게뜨 여수엑스포점,덕충동,카페/디저트/베이커리/아이스크림/빙수,,,Y,가게바로주문 | 먹깨비 | 땡겨요 | CHAK 지역상품권 | 전화주문 | 요기요 | 쿠팡이츠 | 배달의민족
파리바게뜨 여수중앙점,중앙동,카페/디저트/베이커리/아이스크림/빙수,,,Y,가게바로주문 | 땡겨요 | CHAK 지역상품권 | 전화주문 | 요기요 | 쿠팡이츠 | 배달의민족
파파핫도그 여서점,여서동,카페/디저트/베이커리/아이스크림/빙수,,,,가게바로주문 | 먹깨비 | 땡겨요 | CHAK 지역상품권 | 전화주문 | 요기요 | 쿠팡이츠 | 배달의민족
평양보쌈왕족발,신월동,족발/보쌈,,,Y,가게바로주문 | 먹깨비 | 땡겨요 | CHAK 지역상품권 | 전화주문 | 요기요 | 쿠팡이츠 | 배달의민족
포슬포슬꼬마김밥 문수점,문수동,분식/도시락,,,Y,가게바로주문 | 먹깨비 | 땡겨요 | CHAK 지역상품권 | 전화주문 | 요기요 | 쿠팡이츠 | 배달의민족
포우머그 문수점,문수동,카페/디저트/베이커리/아이스크림/빙수,,,Y,가게바로주문 | 먹깨비 | CHAK 지역상품권 | 전화주문 | 요기요 | 쿠팡이츠 | 배달의민족
프랭크버거 여수여서점,여서동,햄버거/샌드위치/토스트/핫도그,,072236311,Y,가게바로주문 | 먹깨비 | 땡겨요 | CHAK 지역상품권 | 전화주문 | 요기요 | 쿠팡이츠 | 배달의민족
피자스쿨 여수교동점,교동,피자,,,Y,가게바로주문 | 먹깨비 | 땡겨요 | CHAK 지역상품권 | 전화주문 | 요기요 | 쿠팡이츠 | 배달의민족
피자스쿨 여수국동점,국동,피자,,,Y,가게바로주문 | 먹깨비 | 땡겨요 | CHAK 지역상품권 | 전화주문 | 요기요 | 쿠팡이츠 | 배달의민족
피자스쿨 여수무선점,선원동,피자,,,Y,가게바로주문 | 먹깨비 | CHAK 지역상품권 | 전화주문 | 쿠팡이츠 | 배달의민족
피자스쿨 여수신기점,신기동,피자,,,Y,가게바로주문 | 먹깨비 | 땡겨요 | CHAK 지역상품권 | 전화주문 | 요기요 | 쿠팡이츠 | 배달의민족
피자스쿨 여수죽림점,죽림,피자,,,Y,가게바로주문 | 먹깨비 | 땡겨요 | CHAK 지역상품권 | 전화주문 | 요기요 | 쿠팡이츠 | 배달의민족
피자스쿨 여수학동점,학동,피자,,,Y,가게바로주문 | 먹깨비 | 땡겨요 | CHAK 지역상품권 | 전화주문 | 요기요 | 쿠팡이츠 | 배달의민족
피자알볼로 여수엑스포점(수정동),수정동,피자,,,Y,가게바로주문 | 먹깨비 | CHAK 지역상품권 | 전화주문 | 요기요 | 쿠팡이츠 | 배달의민족
피자헛 여수문수점,문수동,피자,,,Y,가게바로주문 | 먹깨비 | 땡겨요 | CHAK 지역상품권 | 전화주문 | 요기요 | 쿠팡이츠 | 배달의민족
피자헛 여수시청점,학동,피자,,,Y,가게바로주문 | 먹깨비 | 땡겨요 | CHAK 지역상품권 | 전화주문 | 요기요 | 쿠팡이츠 | 배달의민족
피피마켓 종화동점,종화동,분식/도시락,,,,가게바로주문 | 먹깨비 | 땡겨요 | CHAK 지역상품권 | 전화주문 | 요기요 | 쿠팡이츠 | 배달의민족
하루빙수 여서점,여서동,카페/디저트/베이커리/아이스크림/빙수,,,,가게바로주문 | 먹깨비 | 땡겨요 | CHAK 지역상품권 | 전화주문 | 요기요 | 쿠팡이츠 | 배달의민족
하이오커피 여수신월국동항점,국동,카페/디저트/베이커리/아이스크림/빙수,,,Y,가게바로주문 | 먹깨비 | 땡겨요 | CHAK 지역상품권 | 전화주문 | 요기요 | 쿠팡이츠 | 배달의민족
한국식중화요리 미몽 여서점,여서동,중식,,,Y,가게바로주문 | 먹깨비 | 땡겨요 | CHAK 지역상품권 | 전화주문 | 쿠팡이츠 | 배달의민족
한국전통춘천닭갈비 공화동점,공화동,한식,,,Y,가게바로주문 | 먹깨비 | 땡겨요 | CHAK 지역상품권 | 전화주문 | 요기요 | 쿠팡이츠 | 배달의민족
한끼국밥&갈비찜 국동점,국동,한식,,,,가게바로주문 | 먹깨비 | 땡겨요 | CHAK 지역상품권 | 전화주문 | 요기요 | 쿠팡이츠 | 배달의민족
한식전문 혼밥대장 공화동점,공화동,한식,,,,가게바로주문 | 먹깨비 | 땡겨요 | CHAK 지역상품권 | 전화주문 | 요기요 | 쿠팡이츠 | 배달의민족
항아리치킨&깐풍기 봉산점,봉산동,치킨,,,Y,가게바로주문 | 먹깨비 | 땡겨요 | CHAK 지역상품권 | 전화주문 | 요기요 | 배달의민족
해룡옥수수찐빵 문수점,문수동,카페/디저트/베이커리/아이스크림/빙수,,,Y,가게바로주문 | 먹깨비 | 땡겨요 | CHAK 지역상품권 | 전화주문 | 요기요 | 쿠팡이츠 | 배달의민족
핵떡 여수봉산점,봉산동,분식/도시락,,,,가게바로주문 | 먹깨비 | 땡겨요 | CHAK 지역상품권 | 전화주문 | 요기요 | 쿠팡이츠 | 배달의민족
햄토피아토스트 여서점,여서동,햄버거/샌드위치/토스트/핫도그,,,Y,가게바로주문 | 먹깨비 | 땡겨요 | CHAK 지역상품권 | 전화주문 | 요기요 | 쿠팡이츠 | 배달의민족
행복분식 문수점,문수동,분식/도시락,,,Y,가게바로주문 | 먹깨비 | 땡겨요 | CHAK 지역상품권 | 전화주문 | 요기요 | 쿠팡이츠 | 배달의민족
허참봉 곰탕&갈비탕 봉산점,봉산동,한식,,,,가게바로주문 | 먹깨비 | 땡겨요 | CHAK 지역상품권 | 전화주문 | 요기요 | 쿠팡이츠 | 배달의민족
호(HO)분식 미평점,미평동,분식/도시락,,,Y,가게바로주문 | 먹깨비 | 땡겨요 | CHAK 지역상품권 | 전화주문 | 배달의민족
홍紅 곱도리탕 봉강점,봉강동,국밥/찜/탕/찌개/조림,,,,가게바로주문 | 먹깨비 | 땡겨요 | CHAK 지역상품권 | 전화주문 | 요기요 | 쿠팡이츠 | 배달의민족
화끈하게매운 핫불닭발&오돌뼈 여서점,여서동,야식/주점,,,Y,가게바로주문 | 먹깨비 | 땡겨요 | CHAK 지역상품권 | 전화주문 | 요기요 | 쿠팡이츠 | 배달의민족
화란 중화요리,"여서,문수",중식,,,Y,가게바로주문 | 먹깨비 | 땡겨요 | CHAK 지역상품권 | 전화주문 | 요기요 | 쿠팡이츠 | 배달의민족
황금코다리 봉산점,봉산동,한식,,,Y,가게바로주문 | 먹깨비 | CHAK 지역상품권 | 전화주문 | 요기요 | 쿠팡이츠 | 배달의민족
효자오리바베큐 여서점,여서동,분식/도시락,,,Y,가게바로주문 | 먹깨비 | 땡겨요 | CHAK 지역상품권 | 전화주문 | 요기요 | 쿠팡이츠 | 배달의민족
